"Number_of_Riders","Number_of_Drivers","Location_Category","Customer_Loyalty_Status","Number_of_Past_Rides","Average_Ratings","Time_of_Booking","Vehicle_Type","Expected_Ride_Duration","Historical_Cost_of_Ride"
90,45,3,1,13,4.47,4,2,90,284.257273021882
58,39,2,1,72,4.06,3,1,43,173.874752749408
42,31,1,1,0,3.99,2,2,76,329.795468962247
89,28,1,2,67,4.31,2,2,134,470.20123175132
78,22,1,2,74,3.77,2,1,149,579.681422364014
59,35,3,1,83,3.51,4,1,128,339.955360604722
93,43,2,2,44,4.41,2,2,16,104.061541273592
62,39,1,3,83,3.59,2,2,47,235.81186355605
79,14,1,1,71,3.74,3,1,128,501.412517483306
42,6,1,1,21,3.85,4,2,128,398.99336457061
86,17,3,2,99,4.69,1,1,167,669.298626465878
60,38,1,3,15,4.14,3,2,144,414.990104732525
24,8,1,3,50,4.12,1,1,164,490.410721718304
36,24,2,1,88,4.22,4,2,83,296.242875991922
63,13,1,2,74,4.95,2,2,102,327.088864871737
39,12,3,1,30,4.51,2,2,140,445.136868423913
38,28,1,1,35,3.93,2,2,54,244.536171830646
46,14,2,1,21,4.71,2,1,15,47.3143086336169
33,7,2,3,49,4.31,3,2,22,129.808262909396
31,7,2,1,24,4.82,3,2,87,382.948110319851
96,45,3,2,6,4.95,2,2,11,82.7727931824398
22,11,2,1,79,4.48,4,1,15,64.0711725550066
74,16,1,2,6,3.97,1,1,139,390.668765828855
24,12,3,2,10,3.6,3,2,45,212.166524973755
48,19,2,3,72,3.81,4,2,65,235.658133705514
56,13,1,2,36,4.81,3,1,162,406.557498053391
72,33,1,3,66,4.39,1,2,30,182.474427059652
97,75,3,1,76,4.7,4,1,158,652.6172973
62,33,2,2,39,3.91,3,2,129,403.22709836942
57,38,2,1,54,4.1,4,2,131,537.784859452847
25,7,2,1,13,3.99,1,2,81,286.131452563685
75,56,2,3,94,4.79,3,2,153,485.054663335637
39,9,3,3,39,4.64,2,2,48,171.085983516085
35,24,2,3,73,3.76,3,2,105,485.878453731851
68,32,2,2,34,3.58,1,1,77,294.732886477787
96,43,1,1,97,3.68,1,2,91,392.838720408018
28,11,2,3,52,4.33,2,2,94,456.1809467867
25,15,1,3,65,4.88,3,2,101,502.529320787348
28,6,2,2,2,4.29,1,1,89,244.21766165292
73,17,1,2,14,4.81,3,2,170,634.726531225081
36,18,3,1,88,3.73,4,2,92,345.406768305955
56,10,3,1,55,4.5,4,1,45,151.152129648165
97,78.5,2,2,52,4.56,3,1,125,530.759993891229
63,9,1,2,89,3.87,2,2,166,482.850164199598
78,33,3,1,35,4.46,1,2,116,355.959507486245
29,10,2,2,25,3.77,2,1,91,303.960962607189
73,33,2,1,60,3.88,4,2,161,514.877174241452
94,29,3,2,67,3.59,3,2,96,361.132354951722
54,28,2,1,83,4.49,4,1,32,80.2624646218476
67,6,1,3,15,3.53,4,1,123,420.623911310124
23,8,3,1,27,4.73,2,1,117,520.892670612327
70,14,3,1,16,4.3,1,1,53,183.075791041912
20,10,1,1,70,4.92,3,1,65,190.137463587778
95,78.5,2,3,18,3.86,2,2,112,522.302102870146
43,16,3,1,40,4.89,4,2,106,410.686344947493
97,55,2,1,94,4.62,3,2,150,584.9958711291
32,20,1,1,44,3.55,4,1,68,301.622626449733
95,25,2,2,72,4.16,1,2,128,413.587084044533
47,15,3,3,14,4.84,4,1,89,273.118104619319
25,11,1,1,33,3.85,4,1,94,247.174562650857
37,22,1,2,76,4.72,2,1,69,213.443250797243
59,39,2,3,49,3.78,1,2,98,295.794380152832
42,20,3,1,88,4.64,4,2,29,145.06980917484
53,11,1,2,2,3.5,2,2,81,297.018626418884
79,64,1,2,91,4.57,4,1,164,666.687029134443
59,23,3,3,41,4.97,3,2,91,449.545633914525
40,29,3,2,72,4.3,2,1,147,624.98601002962
76,40,2,1,77,4.17,1,1,28,96.0352085158707
41,26,3,2,96,3.91,4,1,169,637.759391594727
83,14,3,2,80,4.77,4,2,64,295.588711030032
44,17,1,2,15,4,3,1,98,353.338545122238
91,73,3,3,61,4.39,4,1,15,62.2542904183214
54,16,2,2,8,4.5,2,2,67,266.06858993372
59,37,1,1,86,4.67,4,2,95,340.128267101603
72,43,2,3,28,4.87,2,1,132,443.258155352454
47,9,1,3,49,4.44,3,1,96,265.055274434956
32,22,1,1,49,4.65,4,1,60,221.434385479175
45,13,1,2,96,4.84,4,1,112,393.230828824825
72,45,3,1,82,4.42,4,2,40,151.58040412488
56,15,3,3,34,4.72,4,2,78,313.995004605333
42,22,1,1,67,3.81,2,2,82,366.151526055127
52,14,2,1,87,3.54,2,2,98,425.973568824116
81,23,3,3,39,4.3,3,1,143,359.053127985556
77,25,1,2,70,4.27,2,2,52,260.344179848604
27,6,3,3,2,4.42,4,1,86,320.301709174754
74,34,1,2,18,4.66,1,2,140,454.492121531903
92,69,3,1,88,4.69,2,1,18,45.1150237043602
77,34,1,3,33,4.13,4,2,48,223.662114293181
66,6,1,2,23,4.2,3,1,45,173.157754262049
77,39,3,2,23,4.29,1,1,167,592.2404996
35,16,3,2,31,4.75,2,2,113,379.307810418583
48,38,1,3,40,3.7,3,2,80,360.711170319187
61,18,1,3,84,3.93,3,2,58,203.492618377863
71,21,2,1,82,4.88,2,2,126,553.545130773479
95,7,1,3,40,4.68,3,1,95,283.466442543076
76,44,2,3,20,3.56,2,2,105,435.145345130799
32,13,2,2,21,4.64,2,1,156,685.768126499149
49,30,1,1,57,4.83,3,1,154,630.860886874174
38,17,3,1,92,4.41,2,2,138,546.15687476536
92,35,2,2,46,4.72,1,1,45,115.357002544417
40,29,2,1,26,4.26,4,1,152,404.049895142379
55,42,2,1,24,4.49,2,1,45,156.038329885806
58,34,1,3,19,4.55,1,2,131,501.262955065293
34,5,3,2,26,4.85,3,2,152,562.436976452733
70,47,2,1,3,3.66,1,2,53,216.802475086983
51,24,1,3,25,4.68,2,2,16,120.090690169357
88,56,1,2,11,4.36,2,1,60,221.157653259761
25,8,2,1,83,3.53,3,1,121,492.701270906122
34,19,1,2,51,4.2,4,2,166,754.234480010025
40,15,3,2,90,3.62,4,2,42,211.527728825632
26,7,2,3,58,4.91,2,1,161,460.759275385725
81,42,2,2,88,4.14,2,1,47,164.107473547643
80,56,2,3,63,4.57,4,2,43,213.696212995624
64,19,1,3,86,4.68,4,2,171,732.989396130069
45,18,1,3,68,4.07,1,1,136,350.601202611173
84,49,3,2,32,4.25,4,2,53,192.879806205163
34,16,3,1,47,4.12,3,1,93,294.115805850155
67,32,2,2,40,4.47,2,2,13,82.5241877480107
93,23,2,1,34,4.23,3,2,125,386.169069413996
100,51,3,1,56,3.58,4,1,89,310.900327262197
35,22,2,3,15,4.23,1,2,120,373.962840652004
36,13,1,1,31,4.71,4,1,71,221.551100131317
28,18,2,2,100,3.7,2,1,127,531.112700964397
21,9,3,3,10,3.88,1,2,108,324.942638903656
26,15,3,2,35,5,1,2,161,493.406892317567
97,21,2,2,59,3.87,3,2,174,778.633356014193
26,15,3,1,10,3.71,1,2,171,720.15720856315
91,56,3,3,17,4.66,4,1,10,38.2352352387965
65,48,1,1,12,4.37,2,2,140,573.589106452799
88,28,3,3,22,4.99,4,2,154,682.016247
82,13,2,3,32,3.58,4,1,148,516.436727301567
65,40,3,1,48,3.59,3,1,121,492.519602419281
41,6,3,1,56,4.32,4,1,11,49.234784001519
85,36,1,1,64,4.32,3,1,152,506.692886098105
35,13,1,1,80,3.8,2,1,93,304.313339483658
83,29,3,1,78,4.42,2,2,23,111.1793412
91,31,3,2,12,4.39,4,1,39,163.214583287729
44,28,1,2,31,4.92,4,2,132,402.856989480614
96,12,2,3,15,4.97,4,1,90,289.235190868013
77,46,2,2,97,4.2,2,2,25,150.539294814791
91,78.5,1,3,74,4.74,4,1,46,194.935559340327
93,42,1,1,75,4.66,1,1,160,674.648503577557
41,9,1,1,73,3.51,1,1,150,551.557234039823
61,44,2,2,69,4.54,2,1,52,132.214764589882
83,10,3,3,28,3.91,2,1,23,70.1118241107871
59,22,1,2,79,4.38,1,2,93,346.28470964701
42,31,2,3,62,4.95,4,2,13,102.044730251779
81,16,2,2,73,4.89,4,1,125,494.140179305249
72,19,1,3,89,4.74,1,2,45,183.6583147
43,9,1,1,2,4.12,1,1,126,436.557647648741
74,33,3,1,82,4.13,2,1,10,31.3620813222419
68,45,1,1,65,4.19,3,1,112,323.479109313941
36,13,3,1,84,4.88,3,2,140,505.384056946669
51,5,3,3,0,4.59,2,2,92,320.857621562712
63,23,3,1,48,4.09,3,1,49,214.56605244562
96,29,3,2,84,3.65,4,1,176,758.501533429535
94,59,2,2,84,4.38,1,2,175,665.729534121733
74,32,2,2,2,4.7,3,2,38,171.066362929723
91,13,1,1,32,3.6,1,2,160,647.352638108752
69,12,2,2,42,4.34,2,2,158,608.128239992939
51,20,1,1,57,3.68,4,1,67,246.922924936611
45,17,1,3,10,4.93,4,2,148,430.066530503293
92,34,2,2,98,3.99,4,1,140,396.638752709255
69,36,2,3,55,4.74,1,1,109,436.011448606105
56,14,2,1,30,3.67,4,1,48,202.945456850599
43,26,1,2,59,4.91,2,1,175,731.78168724839
86,48,3,1,37,4.15,4,1,84,216.050548093635
61,34,3,3,82,3.99,4,2,10,83.8683562042534
50,36,2,3,18,4.61,4,1,145,572.242049296425
73,34,3,2,95,4.31,1,2,21,118.807047435568
76,7,3,3,76,4.35,1,1,72,245.893571191716
87,41,3,2,87,4.36,4,1,87,387.111740329774
53,33,1,2,40,3.8,1,2,139,507.950574653029
71,8,2,1,57,3.68,4,1,75,249.302974601016
32,5,1,3,80,3.55,4,1,14,45.9171119319719
91,30,2,3,34,3.69,2,1,96,424.612057830038
47,37,2,3,64,3.75,1,1,31,85.9735753008025
23,13,1,1,42,4.55,4,1,87,328.966992590836
57,20,1,2,92,3.74,1,1,53,172.629434149871
48,17,2,1,2,4.09,3,1,85,261.943532853263
22,5,3,3,39,4.92,3,1,56,199.04168032524
60,19,3,1,37,4.22,3,1,68,232.283454914745
94,42,1,2,0,4.23,1,2,36,185.3118381
43,6,2,1,34,4.4,1,2,24,153.761439700872
97,18,2,2,53,4.25,4,2,26,126.477135287335
47,17,1,1,7,4.8,1,1,173,609.503827605124
39,28,3,1,72,3.76,2,2,87,287.16243756757
50,39,2,2,94,3.81,3,2,139,406.324806515627
35,17,3,2,78,4.4,3,2,61,249.037112655448
28,8,2,2,69,3.86,3,2,175,620.901691566224
51,32,1,2,98,4.44,1,2,51,267.06070167733
54,12,2,1,84,4.98,3,2,172,715.754793099209
65,10,3,2,77,4.36,2,1,170,430.3854879
61,26,1,3,21,3.85,1,2,126,604.273047
46,9,2,1,67,4.22,3,2,47,243.525063159387
73,50,3,2,7,4.22,4,1,45,176.214406738405
86,49,3,2,99,3.51,4,1,130,471.479632094098
75,7,2,3,100,4.13,1,1,134,453.376949391355
39,29,2,1,12,4.24,3,1,97,251.107306457441
33,6,1,3,90,4.81,4,2,139,521.801920824454
40,29,2,1,6,4.94,4,2,71,346.492651531971
54,35,2,1,66,4.4,4,1,77,234.071453510562
53,26,3,3,54,4.6,4,2,52,184.024451300715
81,34,3,1,98,3.55,2,2,164,554.886965916304
45,20,3,2,80,4.73,1,1,63,192.619772414046
20,9,3,1,77,3.91,3,1,89,227.7965248
47,22,1,1,11,4.8,2,2,119,416.601649
33,18,3,3,90,3.61,3,2,146,671.712829409644
78,57,1,1,5,4.82,1,2,127,552.639771444868
26,12,1,1,9,3.75,2,1,115,321.372405106557
62,21,1,2,61,4.57,4,1,56,215.433869920054
84,59,2,1,67,4.27,1,2,164,758.996123225297
49,8,3,2,1,4.06,2,2,157,694.424714875636
34,22,2,3,34,3.64,1,1,176,617.363218525548
49,30,1,1,86,3.62,2,2,69,328.63536897966
83,50,1,2,7,3.66,3,2,100,376.300060058516
88,5,3,1,89,3.59,4,1,27,70.2038033670575
90,71,2,3,88,3.84,1,1,167,451.684864970107
65,5,1,1,24,3.54,4,1,119,301.403926771274
73,28,3,1,22,4.57,2,1,53,153.396071118044
85,62,2,1,54,3.78,1,1,114,339.662304194187
65,27,1,3,62,3.54,4,2,162,733.442536657818
74,42,3,3,88,3.5,3,1,77,203.836380980403
41,7,1,3,68,4.3,3,2,66,284.508858609913
79,23,3,3,88,3.88,4,1,164,492.113458359086
53,7,3,1,64,4.55,4,2,10,86.1911798105044
35,14,3,1,74,5,4,2,175,727.880944763628
53,40,1,3,79,3.66,3,2,30,158.652641646203
36,23,3,1,42,4.66,1,1,14,44.5250366126131
38,25,3,2,2,4.24,1,2,128,452.425826881472
52,36,1,1,1,4.52,1,2,36,152.64047921471
91,64,2,2,26,4.56,1,2,96,420.224568905378
87,5,3,1,59,4.32,4,1,42,151.359300663093
96,20,2,3,88,3.6,3,2,71,242.271965690851
83,59,3,3,8,4.85,1,1,31,119.048554370178
48,23,1,3,0,4.46,2,1,174,472.569540812752
65,19,2,1,24,4.59,3,1,96,334.649350605228
79,29,2,1,0,4.86,1,1,127,406.085525660413
100,22,2,1,45,4.23,4,2,141,551.3651376
73,63,2,1,25,4.19,2,1,129,534.01819458711
79,67,1,3,56,4.01,3,2,151,501.236300054817
88,55,1,2,56,4,4,2,26,159.60691863183
76,34,2,1,10,4.92,1,1,103,359.801050957168
49,30,2,1,80,3.74,4,1,85,348.669562452725
100,64,1,2,7,4.89,4,2,115,490.504075970424
87,26,1,3,63,4.2,1,2,118,485.6832395
22,5,1,1,93,4.85,3,1,99,424.927510196433
21,11,1,1,23,3.76,2,1,12,40.4428906528904
93,57,2,2,34,4.89,1,2,80,258.4249153
28,15,1,3,90,4.25,4,2,177,511.929390993806
97,7,3,1,22,3.74,2,2,147,441.746700954718
48,12,3,1,51,4.63,4,2,32,175.518054338648
70,37,3,1,10,3.65,4,2,168,658.583427672515
78,12,1,1,99,4.3,2,1,95,299.290993112689
25,7,1,2,24,3.85,3,2,144,494.80279921897
24,9,3,3,6,4.05,2,2,69,223.519011950837
92,37,1,1,7,4.92,1,2,103,434.571050821217
43,33,1,3,16,4.01,1,2,159,630.428401272429
96,23,3,3,8,4.23,1,2,90,445.125411118495
88,46,1,3,35,4.89,2,2,72,361.985520956539
83,43,2,2,20,3.59,1,1,63,267.282197117272
50,29,3,2,2,4.81,1,1,143,518.95476296026
97,75,3,2,15,4.94,2,1,163,575.493449174789
84,24,2,2,39,4.08,2,1,86,349.443216244934
68,40,2,1,58,4.64,1,2,68,279.234966224283
77,30,3,2,99,4.7,3,2,179,689.748315480238
82,67,3,2,13,4.43,2,1,33,88.7629435923265
21,8,2,3,37,3.71,3,2,171,621.796349496112
75,24,1,2,44,3.79,4,2,72,307.6219494
61,9,3,3,74,3.98,3,2,32,172.410531266462
90,13,2,2,24,3.73,2,1,126,444.245302089596
100,21,2,2,20,3.52,4,2,163,556.896711837544
93,31,2,3,13,3.58,2,2,101,355.324575479739
92,14,3,1,57,3.73,1,2,133,474.99773906008
61,12,1,3,59,4.72,2,2,178,581.971230609809
53,12,2,3,79,3.6,4,2,154,663.439397236992
55,21,3,2,20,3.56,4,2,134,519.4694924
57,45,1,3,78,4.43,2,2,112,397.69195014754
34,8,2,1,51,4.09,2,2,130,388.112229892707
50,11,2,1,19,4.87,1,1,144,591.100075957274
35,22,1,1,82,3.79,2,1,174,586.798863314108
43,14,2,2,1,3.53,4,2,134,648.909742923618
50,25,2,1,19,4.32,4,1,176,746.339132459746
55,19,3,2,64,4.34,1,2,129,555.0976877626
93,67,3,1,21,4.88,4,2,87,417.91314129159
94,69,3,1,86,4.12,1,2,18,97.8009362167164
70,60,3,2,57,4.05,2,2,43,193.089111998786
36,25,2,2,61,3.64,4,1,132,492.464011646062
37,9,2,1,73,4.8,1,1,124,408.815628820763
68,46,3,3,8,4.21,2,1,116,364.161794807725
77,15,2,2,47,4.47,1,1,66,228.6434979
27,12,2,1,64,4.7,3,1,149,667.946428006887
90,56,2,1,61,4.38,4,2,91,410.342708965989
46,23,2,2,19,4.92,2,1,169,710.419264168433
96,78.5,3,2,47,3.77,1,1,70,177.203065827224
80,6,1,1,43,4.81,4,1,24,74.328379775745
80,31,2,1,91,4.61,3,2,127,392.302760053025
64,25,2,1,85,4.46,2,2,37,168.610194304796
57,42,1,1,36,3.59,2,2,167,587.258137306381
52,7,1,1,57,4.82,4,1,180,563.980327268364
69,56,3,2,73,4.02,4,2,116,352.347498256833
67,54,2,2,53,3.67,1,1,110,415.30753694866
25,7,1,1,13,4.07,2,2,60,204.2158433
80,35,1,2,29,4.49,4,1,79,319.652070067668
73,6,2,1,5,4.03,4,2,71,362.053330734748
24,6,3,2,65,4.29,2,2,106,387.475537809019
37,14,1,3,18,4.36,3,1,85,348.85329872454
27,6,1,2,74,4.75,2,2,157,732.298512694361
23,11,3,2,11,4.86,2,1,133,343.672133386554
42,8,1,3,12,4.79,1,2,166,599.716253237339
74,39,3,1,11,3.65,1,1,173,484.754538882363
68,30,3,2,28,4.69,4,2,134,581.151456556409
59,9,2,1,30,4.83,2,1,140,603.365164270541
89,75,1,1,76,4.39,3,1,110,369.854641487824
81,35,2,2,45,4.11,4,1,174,708.880142148482
33,8,2,2,74,4.52,1,2,56,205.837550508695
75,28,3,3,49,4.46,4,1,163,684.560703308311
87,48,2,1,95,4.73,1,1,162,453.25412987797
56,37,2,1,96,3.83,2,2,130,412.584837981236
75,32,3,1,20,3.69,3,2,96,440.444237735907
99,54,1,1,96,3.77,2,2,61,241.640711377679
33,16,1,2,81,4.08,2,2,50,201.292531893743
41,28,1,3,89,4.47,3,2,45,220.051140292965
55,19,2,1,74,3.51,1,1,173,702.913415965336
93,51,1,1,12,4.98,1,2,90,431.421660255834
54,35,3,1,11,4.49,2,2,96,466.862681064563
34,20,3,3,21,4.15,1,2,158,445.126361166849
86,18,2,1,61,4.3,2,2,126,441.637857135795
85,27,2,3,8,4.11,4,2,157,669.521011668338
74,5,2,2,80,3.63,4,1,134,354.38521150426
63,53,1,3,33,4.33,2,1,175,489.712524298679
55,13,2,1,45,3.71,1,2,40,222.568582003562
100,66,2,3,27,3.53,3,2,106,412.255606798085
51,27,3,3,86,3.82,3,2,152,472.215735276783
37,10,3,1,33,4.86,2,1,44,179.939880339738
99,71,2,3,3,4.63,1,2,100,308.911153323236
54,24,1,1,85,3.79,3,1,102,306.314243234115
30,7,1,3,57,4.27,1,2,69,224.464878293016
84,56,3,1,71,4.56,3,2,15,101.073786469949
49,14,2,1,55,4.43,1,2,131,633.496622137533
86,10,3,1,98,4.8,1,1,18,62.8750927364436
48,24,1,3,17,3.98,2,1,29,92.0310470610897
67,18,3,1,78,3.81,1,2,22,106.73589264143
100,16,1,3,96,3.65,4,2,163,560.670325714098
79,7,1,1,31,4.82,4,1,100,322.900069495528
99,9,1,1,33,4.98,2,1,110,292.339360935536
34,24,3,1,3,4.41,1,1,97,242.751717004881
54,21,3,1,23,4.44,3,2,136,442.779630598141
77,43,2,2,73,4.07,2,2,131,505.546716457281
80,21,3,2,85,4.21,1,2,146,474.917161792668
74,54,3,2,16,4.35,2,2,147,617.4346784
57,38,3,2,31,3.97,1,2,64,294.855369946502
97,66,3,1,90,3.6,3,2,150,717.467322
52,14,2,3,97,4.83,3,2,66,266.977217014173
51,37,1,2,34,4.64,2,1,100,383.371177071527
87,52,3,3,15,3.57,4,1,66,266.433617913541
91,42,2,1,76,4.96,1,1,86,336.394392430107
85,34,1,2,66,4.59,1,2,163,764.85935561457
57,21,1,1,28,4.93,4,1,141,588.694179774944
28,8,3,2,67,3.78,2,2,58,305.242667664731
58,30,3,2,32,4.14,4,1,75,256.373803656264
31,9,1,3,18,4.42,1,2,114,461.019348585639
27,11,2,3,88,4.5,3,2,144,581.747284425925
90,75,3,3,88,4.1,2,1,106,472.546590933441
54,8,2,2,41,3.89,1,1,168,573.483571839894
23,9,2,1,50,3.84,3,2,34,192.385022196164
94,64,3,2,62,4.87,4,1,166,744.035981140285
86,20,2,1,51,3.75,1,2,110,412.25746306035
79,55,2,2,91,4.39,1,1,48,189.560564970777
73,13,3,2,93,3.95,4,1,90,357.043472185099
74,23,3,2,45,4.07,1,2,99,417.174095377776
26,11,3,3,10,4.22,1,2,69,314.844710319169
99,30,3,2,74,4.21,1,2,160,629.954601136272
80,42,3,3,85,4.22,4,1,131,473.561754003545
78,35,1,2,5,4.35,3,2,100,317.88095784682
63,6,3,3,29,4.79,3,2,24,132.499219491733
25,8,1,2,30,4.44,4,1,115,430.785850978154
100,50,3,2,20,4.14,3,1,127,350.226583554177
46,8,3,1,32,4.81,2,1,112,466.427479321653
59,29,3,2,90,4.3,4,1,145,651.730389027674
21,11,1,3,18,4.2,1,2,49,266.348073245828
64,7,1,1,48,4.67,3,1,64,266.385376770901
52,22,2,3,72,3.6,1,2,101,303.8032264
100,56,2,1,67,4.2,3,1,169,461.96619135036
83,72,1,2,25,4.62,4,2,45,201.057540559434
89,10,1,1,36,4.12,2,2,13,94.2144473899797
100,37,1,1,47,4.7,2,1,142,546.857447667324
71,7,3,3,31,4.83,1,2,60,292.746830131604
94,26,2,2,0,3.94,2,2,40,150.906037659913
52,23,3,2,41,4.23,3,1,134,534.9066334
27,15,3,1,31,4.95,2,1,103,315.265403042282
88,62,3,2,62,4.82,2,1,162,601.236026642227
48,38,2,1,64,4.97,4,2,152,701.469572951538
53,35,2,2,1,3.67,1,2,88,392.007884622455
31,12,2,3,34,4.7,4,1,105,331.837524915369
56,34,2,1,1,4.56,2,1,121,307.525929075618
48,35,1,3,47,4.26,1,1,26,68.2717449994366
93,66,2,1,22,3.91,4,1,180,765.439748564551
49,18,1,1,62,4.92,2,1,62,168.366289246989
72,33,1,3,63,4.25,3,1,132,351.773618968526
62,11,2,3,37,4.23,1,2,71,363.345752965905
39,15,2,2,53,4.6,3,2,38,201.714676283322
67,56,3,3,49,4.22,2,2,23,121.439999018637
88,15,3,2,39,4.51,2,1,137,598.77502330512
29,16,3,1,75,4.11,1,2,80,371.124288104331
100,24,3,1,88,4.49,4,1,56,173.666967479256
98,43,2,3,62,4.98,1,1,130,538.518528006475
35,10,1,3,40,3.54,4,1,75,281.962567005995
58,14,1,3,10,3.77,1,1,95,258.014459688294
22,7,3,3,53,4.43,1,2,98,476.201996153603
84,37,2,2,94,3.83,4,1,28,124.645503236053
91,14,2,1,19,4.78,4,2,19,111.112714941127
56,29,3,3,67,4.49,2,1,125,421.817187907518
97,21,1,2,36,3.72,3,2,23,134.051014491358
57,47,3,3,26,3.8,1,1,30,132.403247739112
94,27,2,1,100,3.6,4,2,172,547.981462429818
84,6,2,3,24,3.74,1,1,68,281.968245770296
40,11,1,1,1,4.24,4,2,35,182.466321438252
65,36,2,1,20,4.39,4,2,87,313.774226568281
35,22,3,1,28,4.88,2,2,116,422.88666102576
40,30,3,2,67,4.03,3,2,143,529.696714712681
61,45,3,1,6,4.99,3,1,10,25.9934494484116
50,14,3,3,98,3.52,4,2,109,351.569957524309
98,25,2,1,30,4.76,2,1,60,154.687159678262
54,37,2,2,41,4.69,2,2,16,106.592082275832
37,13,1,2,31,4.66,2,1,35,132.166567918011
78,41,3,1,12,4.99,2,1,22,76.22496122
84,21,1,3,88,3.5,2,1,146,598.940039982301
44,32,2,1,51,4.2,2,2,168,563.150899567063
25,11,3,1,92,3.91,4,1,115,310.15461627568
38,13,3,3,38,4.46,3,2,28,145.137568615673
85,25,3,1,21,4.03,1,1,73,323.557685759939
31,13,2,3,87,4.04,3,1,11,31.5656761621252
67,6,1,2,25,4.45,3,2,31,144.46263762347
77,11,1,1,70,3.82,4,2,63,252.493047102081
32,11,2,1,30,3.53,2,2,32,146.512774416119
71,30,1,2,60,4.83,3,2,156,501.80135
65,38,3,2,13,4.77,1,2,132,610.732551475501
64,29,3,1,66,3.79,4,2,37,194.262399364684
48,38,3,1,45,4.17,2,1,87,318.210125985313
76,42,1,3,95,3.93,1,1,180,512.625110217316
76,53,3,2,77,3.67,2,2,179,555.891918763155
71,14,2,1,8,4.44,4,1,76,242.158860769696
76,9,3,1,64,4.16,3,1,10,41.4049912774498
51,14,1,3,16,3.51,4,2,30,180.886553725597
88,38,1,3,29,3.73,3,2,167,537.897105880916
60,24,1,3,5,3.79,2,2,154,556.662928632726
73,55,1,2,55,4.2,2,1,52,158.55634314473
23,10,3,1,80,3.88,2,1,22,59.4454065
74,27,2,1,51,3.75,1,2,111,334.144997501509
49,6,2,3,18,4.41,4,2,148,443.775019828877
31,8,1,3,7,3.57,4,1,35,145.242037351415
57,46,1,2,42,4.39,1,1,56,210.631766613812
64,19,2,2,35,4.02,2,1,39,152.229192568227
86,76,2,2,84,4.99,4,1,149,612.4467268
54,28,2,2,73,3.56,1,2,51,250.285882372775
85,37,1,3,10,3.76,4,2,61,309.082544731873
58,15,1,2,14,4.76,4,2,12,94.1609177
96,27,1,3,21,4.37,4,2,57,243.937306528893
58,31,2,1,32,4.87,3,2,85,331.193053886675
77,45,2,1,88,4.16,1,1,151,595.231221188621
93,73,1,2,78,3.81,4,2,106,465.9626816
44,11,1,2,56,3.83,2,2,18,104.752010059367
20,10,1,2,54,4.12,1,2,168,784.055126033938
70,40,2,2,9,3.77,3,1,130,382.9299378688
42,12,1,3,92,4.5,2,1,123,319.296713091586
87,33,1,2,53,4.15,3,1,143,640.137339106777
70,43,2,3,47,4.31,1,1,57,243.493385385105
61,15,3,3,29,4.49,2,1,32,135.0058741
71,36,2,1,69,4.37,1,1,110,392.963943286616
81,33,2,2,41,4.93,2,2,162,617.288500056072
87,64,1,1,69,4.55,3,2,65,310.788399495196
85,65,2,2,73,4.65,2,2,165,770.070890820946
91,65,3,2,40,3.58,3,1,141,373.504707598347
83,57,1,1,80,4.6,4,2,172,814.419555944712
64,10,2,3,75,3.61,1,2,155,473.346693298026
69,22,1,1,25,4.41,4,2,74,266.767778894064
37,12,1,1,15,3.73,3,1,142,369.361658880108
93,28,3,1,63,3.9,3,1,38,111.723941239571
66,49,1,3,42,4.56,2,1,124,429.948356124572
47,36,1,1,100,4.2,1,1,103,414.778300302383
71,30,1,2,45,4.16,3,2,53,227.182570012646
58,19,3,1,47,3.97,3,1,77,247.442001820104
100,18,2,1,50,4.89,1,2,51,213.823296873663
94,28,3,2,59,4.45,4,1,173,652.587890959438
49,6,1,1,23,4.65,4,2,69,289.646305408528
42,7,1,3,90,3.67,3,1,32,123.762469326047
79,63,3,3,56,4.66,3,2,70,292.590628897686
59,5,1,3,17,4.97,3,2,143,440.939510777575
54,7,3,2,91,3.75,4,1,97,298.322618392987
60,6,1,1,65,4.76,1,1,168,629.204429569675
26,13,2,1,4,3.63,4,2,123,441.996192445397
90,10,1,1,59,4.44,1,2,147,691.501290556678
34,12,2,1,38,4.18,2,1,24,106.94859059242
80,34,2,1,84,3.8,4,1,174,561.43852198712
21,7,1,2,58,4.31,1,2,75,328.458356875533
97,71,2,1,52,4.32,3,1,36,133.387383141226
64,7,2,2,92,4.58,3,2,16,114.699202131315
47,34,1,3,16,4.38,3,2,46,237.143388969433
44,28,1,3,30,3.93,3,2,42,157.106571716472
21,9,2,3,13,4.01,3,1,127,431.2515977
57,37,3,3,59,3.92,3,1,159,585.807588177841
62,5,1,1,51,4.4,2,1,160,647.2043749
25,6,3,3,60,3.91,3,2,145,559.5788398
92,33,2,1,70,3.69,3,2,46,173.150532272463
38,7,1,3,46,3.79,4,1,78,198.170467508124
99,31,3,1,0,3.54,1,1,50,192.708869248372
35,7,1,2,65,4.19,4,1,65,165.075824175655
30,13,3,3,53,3.68,4,2,124,379.468032889981
28,6,3,3,53,4.48,4,2,148,461.109553848516
59,47,1,1,73,3.54,4,1,75,234.567244598221
24,13,3,1,50,4.26,4,2,141,540.062030675635
21,6,2,2,15,3.81,3,2,80,318.841503313043
84,54,2,1,59,4.98,2,2,43,196.315141521748
100,50,3,1,83,4.91,1,2,173,622.491430411481
30,11,3,1,99,4.96,3,1,83,349.674527940275
45,35,1,2,0,4.58,2,2,41,206.147331870773
53,35,3,3,35,3.92,2,2,166,635.933054482453
65,41,1,3,51,3.57,4,2,48,251.112141806525
93,6,1,1,85,4.47,4,1,107,324.0987674
28,5,1,2,69,4.49,1,2,132,425.488734795167
38,8,3,1,78,3.57,4,1,114,470.269023702641
25,6,3,2,69,4.45,3,2,94,398.051726
76,23,1,2,64,3.57,4,2,115,564.93172502472
22,7,2,3,73,4.91,1,2,73,238.318991464876
40,5,1,1,17,4.55,2,1,72,184.955225629267
89,16,2,2,27,4.86,2,1,161,624.305616
31,21,2,1,77,4.83,2,1,107,389.38450831558
92,45,1,1,59,4.23,1,2,121,574.893938933289
58,32,3,3,92,4.59,2,2,111,517.944461982388
58,20,1,1,42,3.51,3,1,125,527.179201177171
36,7,2,2,26,4.35,1,1,59,201.496830803942
66,40,1,2,93,4.86,3,1,153,627.016751014608
76,54,3,2,58,4.05,3,1,74,218.625177889448
55,23,3,3,46,4.58,2,2,150,654.6765363
21,8,3,2,57,4.78,4,2,84,293.560216644516
61,45,1,3,42,4.25,2,1,102,421.985261982795
72,62,2,2,48,3.82,3,1,126,553.740804868061
65,18,1,3,65,4.01,1,1,111,330.624309990652
20,8,1,1,27,4.99,1,1,83,261.445150299881
22,7,2,1,16,4.1,4,1,147,520.063787329825
72,49,2,3,15,4.34,4,2,19,117.63327810103
42,30,3,2,26,4.79,2,1,138,493.0149508585
100,54,2,2,91,4.59,4,2,61,203.113295739649
87,32,2,1,38,4.76,2,1,114,421.77629850746
36,8,3,3,47,4.07,2,1,77,305.008885860734
70,38,3,1,99,4.19,1,1,76,317.771888181019
41,7,3,3,4,4.15,4,1,83,364.914056071433
59,40,1,3,64,4.72,4,1,157,398.319496410307
33,14,3,2,38,4.89,1,1,127,461.306012066408
70,26,3,1,15,3.67,4,2,70,358.234807138695
45,7,1,2,87,4.35,3,1,74,224.307106762565
98,71,2,2,83,4.55,1,1,139,558.381549613413
75,63,3,3,42,4.55,3,2,138,660.442562259363
100,34,1,3,33,4.75,4,1,156,537.448671662566
76,23,3,1,53,3.94,3,1,117,480.1043704
32,12,3,1,69,3.68,1,1,55,162.283104510176
35,23,2,3,58,3.78,2,1,164,638.044514521513
30,16,2,3,89,3.63,2,1,142,420.111097957174
75,56,3,2,66,3.69,3,2,22,124.490600494026
25,6,1,2,23,3.95,1,2,55,235.278117617394
88,16,2,3,26,4.18,1,1,32,127.331490101629
43,26,1,1,69,4.9,3,1,107,391.026990392052
39,20,1,1,97,4.25,1,1,121,319.543019710482
77,63,2,3,72,4.56,1,1,113,380.285370761528
41,14,2,1,59,4.72,1,2,49,179.623422466415
51,20,1,1,97,4.8,1,1,130,452.1126401
30,10,2,3,86,4.95,3,1,149,565.669146633795
29,8,3,3,52,4.68,2,2,121,402.155877582321
21,5,1,3,8,4.44,2,2,159,689.842159951309
50,15,2,2,62,4.51,4,1,83,307.646928093027
61,42,1,3,11,3.72,4,1,52,186.52627708636
67,5,2,1,81,4.53,1,2,14,91.0677771636101
73,22,2,2,26,4.99,4,1,33,143.85498605209
35,18,3,3,27,3.82,1,1,158,553.8373591
96,58,3,1,25,3.61,1,1,85,336.568483658594
38,28,3,3,8,4.83,1,1,29,95.0202068590461
75,28,3,3,6,4.02,3,2,171,575.011721906011
57,26,2,1,92,4.11,2,2,58,264.6757476
36,10,1,3,65,3.54,4,1,53,185.617923915248
73,27,1,3,98,3.97,3,1,57,251.155650272243
68,29,1,3,51,3.99,3,1,110,299.6890563
25,9,1,3,11,3.58,4,1,31,92.6568112142449
97,25,3,2,95,4.91,4,2,101,332.229376440084
30,7,1,2,85,3.74,3,1,44,184.112089703643
83,7,2,3,24,4.9,1,2,24,124.581774454414
27,5,1,3,2,4.3,3,1,22,60.9818172198386
58,21,2,3,72,4.14,2,1,10,35.8859878605683
32,15,3,3,67,3.76,3,2,23,132.123018791641
76,8,3,3,40,4.68,2,1,157,561.579682229201
21,9,2,2,38,4.54,1,1,179,546.378789874688
47,37,3,3,53,4.69,4,1,41,147.459741335912
33,20,2,2,97,4.13,1,2,169,668.892214035799
92,66,1,1,26,3.56,3,1,19,62.0692847902448
24,7,1,1,34,3.51,2,2,111,477.741136172348
75,9,1,3,71,4.06,4,1,150,411.005765424589
89,76,3,3,35,4.8,4,2,177,650.298571197434
67,20,3,2,42,4.13,3,1,68,243.228617596276
61,23,2,1,51,4.73,3,2,150,680.933068624874
80,67,1,2,80,4.74,4,1,147,432.307257741138
66,15,2,3,62,4.59,4,1,161,720.7299449
39,12,2,2,54,3.77,1,2,176,510.454375032046
46,22,3,2,9,4.33,1,1,128,522.797431854914
89,74,1,1,41,4.89,1,2,115,432.162792288966
60,16,3,3,56,4.33,4,2,126,382.457067133853
58,13,1,2,99,3.62,1,2,106,351.439315895662
68,16,3,1,93,4.44,1,2,154,510.195786330342
45,19,2,1,71,3.72,4,1,121,313.926440564867
91,61,2,3,100,4.88,4,1,101,372.229821951059
39,12,3,2,70,4.02,1,2,66,314.468008524238
97,9,1,3,58,4.32,3,2,142,491.577953864388
42,18,2,1,39,3.94,2,1,128,527.155894356392
27,15,3,3,11,3.77,3,1,111,432.8493969
67,48,1,2,94,4.3,3,2,168,544.602780788725
69,51,3,2,75,3.57,4,2,136,470.182713529515
69,47,3,2,65,4.22,4,1,18,53.53910401
93,18,2,3,34,3.54,2,1,80,352.068572701597
84,74,2,2,7,4.4,2,2,101,396.369834111478
96,48,3,3,41,4.39,1,1,130,367.782998060023
30,13,2,3,72,4.18,4,2,113,352.935673076145
60,48,2,2,15,4.06,1,1,78,339.105582569646
72,39,3,2,39,3.77,4,2,115,347.895966742679
31,13,2,2,82,4.63,1,1,108,469.250913591865
71,13,1,1,60,4.3,4,2,62,213.843020120303
91,61,1,1,86,4.44,1,2,129,567.539218451406
91,60,1,3,2,3.53,3,2,107,492.179013222281
32,6,3,1,13,4.75,2,1,53,173.887474461935
23,10,2,3,47,4.84,3,1,125,418.106824390621
61,47,2,1,100,4.58,4,2,157,658.304001301362
57,40,3,2,78,3.62,2,1,171,764.595341390964
89,70,2,3,86,4.51,2,1,90,384.209291975673
64,45,1,3,22,3.96,4,2,118,404.601887539362
91,29,3,2,82,3.73,2,2,90,446.817025797085
91,53,2,3,67,4.56,4,1,50,158.106723174709
69,37,2,2,47,4.39,3,2,60,284.23628953449
71,61,2,2,79,3.85,2,1,147,591.298976328762
38,7,1,1,28,3.85,3,1,12,36.0002780335875
100,32,2,2,67,3.94,3,2,162,581.137084596588
65,51,2,3,97,4.81,4,2,144,588.136769854464
73,38,3,2,91,4.23,3,2,86,400.267333022972
56,25,2,2,87,3.73,3,2,172,575.410270838826
75,55,1,1,80,4.7,1,1,69,190.978852681135
97,21,3,2,43,3.79,2,2,106,398.159383932822
94,71,1,2,48,4.73,4,2,169,770.873324452783
53,22,3,1,28,4.99,2,2,64,211.08202297419
81,8,1,1,78,4.8,2,2,141,618.428856728109
47,34,1,1,87,3.53,1,2,170,739.227119976904
80,48,2,2,13,4.44,4,1,35,128.741073881435
75,55,1,3,54,4.73,4,2,145,584.491729991572
89,12,3,1,42,4.73,2,1,102,328.313982173128
30,13,1,3,8,4.1,2,1,94,274.680375443927
64,5,1,3,91,4.34,3,2,21,108.243043542741
55,29,2,3,92,4.85,1,1,44,181.780939600378
94,76,2,3,26,4.7,1,2,94,405.3179545
53,28,3,3,6,3.67,3,1,178,775.791685151032
29,7,2,2,68,3.98,1,1,114,289.129680948777
29,17,3,1,76,3.61,1,1,166,674.1328476
75,42,2,1,38,4.25,2,1,146,479.119953373501
74,53,2,2,60,3.93,4,1,162,676.440432411525
89,75,3,1,10,4.91,3,1,16,54.4495381862899
29,13,2,3,44,4.29,3,2,87,267.740417001218
40,20,1,1,45,4.42,3,2,130,445.484248610881
79,11,3,2,1,4.35,4,2,45,210.256759671942
98,78.5,3,3,87,4.28,2,2,170,603.84580247551
95,76,3,2,74,4.39,4,1,118,464.991582725509
79,13,1,3,67,4.05,3,2,151,514.936349153252
38,22,2,2,18,4.17,4,2,121,450.538753137268
83,41,2,1,48,3.64,3,1,176,741.344392612696
59,24,2,2,40,4,2,2,147,631.631297025576
51,11,2,2,72,3.62,2,1,16,71.2136410524012
64,46,1,1,51,5,3,2,29,144.601382535303
30,6,1,2,93,3.81,3,1,129,505.92196882791
60,15,2,2,95,4.84,2,1,180,726.33391463515
75,51,1,2,17,4.83,2,2,79,283.413278758525
25,15,2,2,88,4.68,2,2,31,148.186488201699
46,31,2,3,67,3.53,1,1,61,158.592093071034
48,11,3,2,86,3.55,4,1,15,57.8946260806113
51,6,1,3,64,4.57,1,1,34,142.55772693746
68,23,2,3,96,4.77,1,1,105,359.1281131
89,8,2,1,18,3.83,1,1,121,407.552058769205
84,55,2,2,1,4.47,2,1,146,487.399119236155
50,8,1,2,25,3.8,3,2,13,89.6131285221691
99,40,3,3,26,4.83,3,2,151,510.65807823976
21,9,3,3,91,4.82,1,1,47,171.627118571488
53,19,2,1,54,3.84,3,1,132,520.565340645262
60,16,3,3,68,4.23,4,1,108,458.096326804516
32,22,2,1,9,4.68,4,2,135,530.149156377845
51,25,1,2,21,4.43,3,2,38,200.258259121904
22,5,3,2,75,4.39,4,2,19,128.016760192553
21,7,1,2,6,4.96,2,2,180,836.116418561358
55,21,1,1,49,4.59,1,1,111,471.089051888498
42,31,1,3,32,4.75,4,1,12,50.64017558
86,26,1,1,31,3.69,2,1,85,263.161176701954
48,18,1,1,60,4.47,2,2,124,524.165559508583
82,65,3,3,43,4.8,4,2,112,330.226543825088
63,48,1,2,88,4.09,1,1,70,212.740751937127
44,24,3,2,83,3.61,4,1,13,48.9289525354741
39,18,2,3,78,4.21,2,1,165,734.395119012554
23,7,1,3,98,4.35,1,1,76,281.339502343607
31,7,1,1,27,4.73,1,2,141,476.289857800687
44,7,1,2,55,3.66,4,2,103,490.342158321419
23,5,3,3,92,3.71,4,1,105,363.444775902724
63,46,3,1,36,4.59,1,1,18,49.8399357567763
25,15,3,3,15,4.18,1,2,176,516.829559043943
27,11,1,2,1,4.34,4,1,99,262.686466377218
57,28,3,3,27,4.58,2,1,107,423.509857372417
83,26,2,3,77,3.62,4,2,74,373.975635759196
80,5,2,2,53,3.67,3,2,48,184.242944678483
50,40,1,1,61,4.7,3,2,73,319.110982942123
84,8,1,3,21,4.63,4,1,172,549.200806816879
90,54,1,2,1,3.59,2,2,87,427.857162945207
28,9,3,1,68,4.82,3,2,43,164.3163905
97,64,1,1,62,3.52,1,2,152,638.134020183849
99,22,2,1,7,4.4,1,1,39,131.443587164196
96,53,1,2,58,4.28,2,1,21,55.6373708
88,69,1,3,89,3.6,3,2,107,467.927494855773
53,17,1,1,78,4.03,2,2,26,120.247192908138
28,14,1,1,77,3.58,2,1,98,374.65518279544
59,21,1,2,97,3.6,2,2,67,269.444140159544
50,27,2,3,100,4.22,1,2,173,685.66969356943
89,8,3,3,40,3.59,1,2,151,528.002489624392
83,34,3,1,96,4.71,3,2,176,812.072993859955
73,14,3,3,28,4.31,3,1,29,118.97305838669
76,35,2,2,8,4.89,2,2,138,406.589910785524
56,35,1,1,33,3.97,1,1,47,134.775829514219
40,20,1,2,11,4.4,2,1,83,343.798519987224
27,6,3,1,92,3.73,4,2,125,460.28376247761
32,7,3,2,79,4.05,1,1,83,306.3904612
48,24,3,1,35,4.2,4,2,51,251.421139408715
71,41,3,3,31,3.81,2,2,140,614.6367132
53,6,1,1,74,4.12,4,1,76,231.165166791023
87,44,1,1,61,3.87,3,2,16,117.763664533554
36,16,3,2,82,4.62,2,2,72,253.491243800784
39,20,1,3,71,4.11,1,1,111,404.598399188904
91,78.5,1,3,15,4.68,3,2,20,135.177270134708
31,18,3,2,46,4.86,4,1,128,360.858550740945
94,67,2,1,34,4.64,4,2,64,231.326318477324
83,18,3,3,12,4.98,1,1,81,286.409294385432
34,9,3,1,65,4.69,2,2,107,508.711817456798
32,6,1,3,75,4.47,1,2,154,721.721269127034
22,7,3,3,15,3.53,3,2,180,552.269374746169
49,20,1,1,52,4.74,2,2,162,510.626891410082
61,38,3,1,95,3.5,4,1,164,415.979452439819
21,9,3,3,48,4.4,2,2,152,660.05970803046
40,18,3,1,16,4.59,2,2,157,644.044575547527
22,6,3,1,82,4.3,1,2,172,710.8843138
34,11,2,3,66,4.59,1,1,134,478.200153641096
56,31,1,1,9,4.79,2,2,167,744.418099180062
93,36,3,3,60,4.63,2,1,111,478.769758449551
38,9,2,3,57,4.26,1,2,16,104.056072719198
76,26,2,1,74,4.18,3,2,159,486.183927637028
47,24,2,1,11,3.62,4,2,148,657.093687427902
64,10,3,1,62,4.98,3,1,38,96.30074138
56,10,1,3,28,3.8,2,1,144,609.90827470312
44,25,1,1,32,4.43,4,2,154,502.101206344177
34,6,1,2,11,3.75,1,1,179,465.7190585
45,18,2,1,70,3.84,4,1,122,308.435917862149
31,7,1,2,22,4.88,2,2,172,806.021270191908
95,28,1,2,34,4.48,3,1,163,576.967571999422
82,59,1,2,39,3.5,4,2,67,284.294420700654
95,38,3,1,39,3.71,2,2,97,478.366277211835
27,12,2,1,1,4.93,3,1,41,119.482399975491
94,23,2,2,71,4.15,4,2,154,532.50977794215
66,15,3,1,88,4.21,3,2,65,291.900879511495
40,6,1,3,37,4.75,2,2,148,707.855393154829
56,27,2,1,62,4.74,3,2,129,435.715453810857
54,6,2,3,48,4.26,1,1,154,504.084114244053
46,15,2,1,96,4.69,1,2,116,497.377009302001
65,16,2,1,82,3.62,3,2,146,460.800285865351
96,48,3,3,11,4.19,4,1,79,272.496077562054
47,9,2,3,88,4.06,4,1,93,246.953542320931
20,7,3,1,55,4.43,4,1,153,482.742207501609
94,57,2,2,13,4.04,2,1,60,205.495759583372
52,30,2,1,25,3.67,4,1,142,531.60621534033
71,6,2,3,48,4.05,2,1,157,550.998373682467
46,8,1,3,39,3.97,3,2,123,396.958699777446
53,40,3,2,13,3.79,4,1,118,318.211575809265
26,11,3,2,97,3.64,1,1,141,427.055061206803
100,46,2,3,74,3.74,2,1,171,448.312853477728
74,38,3,2,95,5,3,1,167,455.408339875981
53,5,1,3,100,4.46,4,2,33,179.170819703506
75,63,3,3,24,4.18,2,1,29,104.185882640102
44,9,2,2,54,4.2,1,2,13,91.6774886875723
76,60,2,2,81,3.6,3,2,72,264.085736379356
88,18,2,1,80,4.83,3,1,109,424.656932271271
54,35,1,3,95,4.98,3,2,61,218.950418541618
49,30,3,2,7,3.97,2,2,77,248.170333642279
25,8,3,1,11,4,2,1,109,422.436739230723
36,18,2,3,15,4.21,2,1,86,280.524075690966
42,25,2,1,44,4.99,1,2,122,565.983481110868
29,14,1,3,2,4.69,4,2,180,828.213134574413
52,16,3,1,63,4.13,1,1,49,132.846805842972
37,6,1,3,59,4.73,3,1,20,86.1734548382015
91,17,1,3,21,4.84,2,2,149,545.38680630474
29,8,1,1,79,4.26,1,2,133,531.061984635832
62,45,1,2,87,4.74,2,2,20,108.602356464118
69,7,3,2,51,4.56,2,2,103,462.663044121505
32,14,2,1,80,3.56,2,2,80,254.951077116168
78,31,3,3,6,3.78,3,2,64,271.012664957617
53,10,1,1,10,3.58,3,1,168,424.488428463964
60,50,2,1,54,4.57,2,2,38,151.777286505172
97,58,3,3,1,4.11,1,2,83,383.074906409709
87,77,3,3,12,3.56,4,2,11,97.7845058612614
74,20,1,1,68,4.36,4,1,32,119.594073255415
90,58,3,3,1,4.7,2,2,21,126.572770684453
21,8,1,2,69,4.24,2,2,176,829.534379884353
70,35,3,1,35,4.9,4,2,108,418.8153495
37,7,2,2,1,3.92,3,1,62,233.21310275337
30,11,1,3,93,3.56,4,2,155,701.1414725
64,22,3,2,26,4.24,3,2,115,388.729667465259
40,23,3,1,6,3.96,4,1,178,528.6080729
28,18,3,3,100,3.62,2,2,92,382.038438626995
85,19,1,3,17,3.69,1,1,164,587.3312643
92,77,3,3,100,4.26,4,1,47,167.739819329118
93,56,2,2,56,4.65,3,2,86,304.83601448371
36,25,1,2,26,3.57,2,1,122,354.154097967698
94,50,2,2,88,4.95,4,2,49,250.460327304653
27,8,1,3,48,4.18,2,1,167,495.219778206282
86,41,1,2,96,4.5,1,2,68,301.548373635127
22,11,1,2,39,4.63,3,1,101,433.034543567648
95,56,1,1,86,3.79,1,2,147,671.471208928514
99,78.5,3,1,63,4.84,2,1,16,49.7132908563108
22,8,1,2,4,4.84,1,1,122,408.129769999122
100,78.5,2,1,59,4.46,3,1,110,329.483713142136
61,38,1,1,100,4.34,3,2,78,383.317804222548
33,18,2,3,7,4.01,4,1,105,313.068156968513
39,22,1,3,63,3.87,3,2,170,706.68963589757
37,5,3,1,75,3.88,3,2,26,142.615312203859
95,53,2,1,6,4.01,2,2,158,708.822402809276
28,6,2,3,54,4.03,2,2,168,593.065918
66,17,3,3,84,4.47,4,1,139,604.38340148128
60,11,2,3,18,4.29,3,1,26,100.258262703248
94,34,2,3,99,4.54,2,2,155,685.76125048108
63,12,3,1,54,4.47,3,2,140,446.413012316176
38,8,2,1,59,4.44,4,2,75,291.1079368
35,21,2,1,13,4.14,1,2,36,193.642393875628
83,64,2,3,78,4.01,3,1,109,304.526129953715
62,14,1,1,33,4.23,1,2,85,386.834933294766
88,48,3,3,52,4.52,4,1,92,230.832585796615
68,11,1,1,89,3.66,3,1,93,333.910672682027
84,64,3,2,34,4.13,3,2,99,353.809803870491
40,10,3,2,60,3.87,4,2,79,293.198134257017
93,20,3,2,38,4.78,2,2,144,447.083068843808
57,44,3,3,78,3.53,3,1,153,584.888885
67,16,2,3,24,4.52,3,2,150,488.187251153215
68,16,3,1,91,4.49,4,1,77,246.757755509729
38,22,3,3,60,3.6,1,2,104,312.173158846351
49,28,3,1,61,3.9,3,2,172,576.2811193
98,59,3,2,55,4.6,1,1,100,381.3912054
47,9,2,3,38,4.06,1,1,141,543.770254202456
27,11,3,2,97,4.78,3,2,137,472.522403796048
59,29,3,2,68,4.4,4,2,88,286.058970116297
56,20,3,2,74,4.05,3,1,25,88.9561955238845
50,39,3,3,62,3.95,1,2,135,646.981177863119
93,37,3,3,37,4.75,4,1,76,292.92465640003
46,22,1,2,97,3.51,1,1,100,395.769846813748
56,19,2,1,16,4.46,3,2,86,279.679810089056
37,16,2,3,8,4.5,3,1,46,192.502977433789
85,58,3,2,85,4.1,4,2,92,351.770293292162
27,7,3,2,89,3.6,1,2,120,555.401937104967
44,16,1,1,31,3.96,4,2,122,395.37815703826
75,51,2,2,68,3.65,2,2,66,261.510306780124
21,11,3,3,46,3.84,1,1,103,397.564840441139
42,29,2,1,67,4.59,1,2,153,735.276438332976
25,15,2,1,100,4.9,4,2,94,289.457009538969
67,46,2,2,92,4.72,1,1,32,97.6750013649232
29,6,2,1,24,4.37,2,1,50,197.463921607026
100,70,3,3,42,4.9,4,2,167,762.882284349578
37,10,2,3,27,4.26,2,1,143,512.4493927
31,14,3,3,37,4.3,4,2,103,484.466186387737
49,12,2,1,30,4.37,2,2,84,353.018408756228
42,19,1,2,56,4.84,3,2,144,539.731671533773
61,5,1,2,48,4.15,1,1,29,114.163654822486
24,7,2,3,85,4.36,4,1,169,521.408046044056
20,10,1,2,18,4.28,3,2,123,450.387880510694
22,9,3,1,36,4.51,3,2,10,82.6915689620266
98,78.5,2,2,59,4.26,2,1,13,34.5740927811573
30,14,3,1,64,4.45,2,1,147,535.171887908847
32,13,3,2,75,4.56,3,2,111,333.401166841236
22,12,3,1,49,4.88,4,2,35,179.838819880166
62,8,3,1,13,4.2,4,2,65,241.991217846105
51,27,3,3,8,4.31,4,1,92,369.380392401929
85,74,2,2,82,3.92,3,2,177,704.300129224702
28,9,3,1,26,3.95,4,2,114,466.97207382883
93,70,2,1,21,3.81,3,1,12,41.1216447194128
36,9,2,1,53,4.46,4,2,127,404.029799778876
80,22,1,3,17,4.4,1,1,141,423.75441798529
60,24,1,2,18,4.16,1,2,45,165.724662454779
97,45,3,1,90,3.71,1,2,151,578.821387756084
53,14,2,1,24,3.99,2,2,161,707.449397918378
79,22,1,1,53,3.96,3,2,126,542.809573021278
44,24,3,1,55,4.08,2,2,137,513.990076658953
34,12,2,2,3,4.83,4,2,62,298.355620009082
55,12,3,1,96,4.66,1,2,48,183.270165667375
49,29,2,2,35,4.8,3,2,160,468.306920150447
72,54,1,2,68,3.85,2,1,74,220.49833683864
72,27,3,3,76,3.97,1,2,70,265.946615113484
99,6,2,3,49,4.32,2,1,113,311.489437411611
21,10,1,2,22,4.42,1,1,151,647.847776524783
50,25,3,1,89,4.74,2,1,107,383.914141954476
61,35,1,1,4,4.77,1,2,115,557.9161858
24,5,1,1,57,4.96,4,2,70,228.796008398628
31,17,1,1,71,4.46,3,2,55,237.768622119314
35,20,2,2,62,3.55,2,1,117,297.087403852608
74,30,3,2,97,3.9,3,1,179,794.323151106633
94,61,3,2,12,4.95,3,2,133,563.849797164138
44,11,1,1,31,3.92,2,2,110,339.287073479163
84,37,3,3,3,3.83,3,2,69,248.947655370565
27,12,2,2,39,4.51,1,2,55,279.268699916994
59,36,2,2,43,3.74,3,2,25,145.042238334769
82,20,3,2,59,3.99,4,2,45,241.825956450736
24,10,3,3,24,4.09,1,2,97,430.609854770566
84,67,2,2,48,4.87,4,1,81,219.993706800566
52,9,2,2,24,4.19,1,1,102,366.728258638384
38,12,1,1,44,4.85,3,1,110,356.881402643288
26,12,3,2,80,4.27,2,1,134,441.471477288734
61,39,2,2,82,4.49,1,2,46,230.143144758121
87,41,1,3,97,4.27,2,2,37,158.89198
98,46,2,3,55,4.71,3,1,173,766.919324211546
24,13,3,1,54,4.09,1,1,161,466.72298223301
44,8,3,3,43,3.82,4,1,86,233.506623849354
71,59,3,2,71,4.47,3,1,31,104.103733780562
91,59,3,1,68,4.77,4,1,15,38.3357681920996
32,14,3,3,75,4.49,4,1,177,761.016760070315
79,24,3,1,0,4.26,3,1,82,284.862506280957
73,27,3,2,55,4.27,1,2,50,216.060195851567
32,16,1,1,80,4.78,1,1,11,39.373701198861
22,10,1,1,5,4.44,1,2,129,471.782101934296
35,19,3,1,45,4.99,2,1,159,508.673002465794
24,10,2,2,79,4.3,4,1,24,95.1185108175435
67,31,1,3,64,3.62,4,1,169,735.144490075525
100,73,3,1,95,3.98,4,2,100,456.603073030798
66,16,3,1,94,4.52,1,1,34,122.241875178586
96,36,3,2,57,4.06,3,2,139,599.817140623637
60,8,3,2,68,4.84,1,2,144,438.51860683248
92,31,1,1,54,3.91,4,2,148,516.133039207883
92,49,3,1,9,4.23,3,2,89,397.48310407034
56,37,3,1,27,4.12,2,2,68,317.840026093953
88,71,1,2,42,4.87,2,2,109,330.783640347596
87,47,1,1,6,4.54,1,2,162,743.316637818001
85,6,2,3,92,4.11,2,1,73,274.171277312491
98,54,1,2,34,4.57,3,2,113,462.407592922018
28,14,1,2,24,4.2,2,1,147,533.080263214276
36,9,2,1,22,3.51,4,2,37,143.217842194914
20,8,2,1,38,4.82,4,2,155,574.945642542143
94,36,1,2,41,4.57,1,1,76,215.741761640662
94,78.5,2,3,48,4.92,1,2,20,129.768529949518
70,7,3,2,13,4.09,2,1,117,321.000765778777
90,71,2,2,37,3.51,1,2,32,172.592775039103
42,10,3,1,56,4.01,4,2,95,455.20978516159
44,18,2,3,88,3.67,4,2,50,199.839744090698
60,16,2,2,28,3.91,3,1,105,281.09706509852
26,5,1,1,7,4.75,2,2,140,413.548001858031
79,13,1,2,6,4.63,2,1,38,134.094325851495
26,8,1,3,65,3.58,4,2,89,378.503961613011
62,7,3,1,2,4.71,1,2,28,162.053585533521
42,16,1,3,33,3.63,1,1,166,513.11612778133
57,16,3,2,0,3.95,2,1,97,308.638555481368
33,13,1,3,34,4.78,1,1,66,239.08854651008
22,10,1,2,26,4.97,1,1,170,562.165016071598
67,44,3,2,27,4.69,1,1,129,467.019894889493
62,15,2,1,15,4.28,4,1,73,327.433341738127
95,49,1,2,92,4.27,4,2,99,332.093616125621
61,36,3,1,72,4.64,4,2,109,457.085318852296
48,12,1,1,25,4.26,4,1,180,552.816227119228
93,59,1,2,30,4.11,2,2,89,281.052128870815
59,18,3,3,67,3.86,1,1,98,288.345153032127
95,73,3,2,20,3.59,3,2,138,666.824206049608
71,33,2,2,4,4.88,3,2,109,436.019237293039
20,7,2,3,71,3.83,1,2,51,248.220306765926
23,7,3,3,96,3.97,2,2,165,493.233883951926
80,69,2,1,94,4.44,4,1,74,291.511082076423
58,10,3,3,51,4.27,4,2,138,459.060651481443
71,25,3,3,72,4.46,3,1,169,603.935882437143
69,26,1,3,48,4.28,3,2,175,502.604062226888
89,54,2,3,48,4.38,2,1,24,74.78832688769
84,62,3,1,52,4.61,2,1,29,126.230811479798
98,61,3,1,91,4.28,4,1,95,319.942379605489
95,25,3,3,26,3.62,1,1,81,207.612919222677
79,29,1,1,29,4.22,4,1,99,304.744177904882
82,10,3,1,97,4.43,4,1,177,481.765879319191
87,5,1,3,6,3.76,3,1,28,83.33537482
83,35,1,3,3,4.32,4,2,116,513.645102217753
47,9,1,2,5,4.81,4,2,178,561.3748775
34,7,3,1,54,4.71,4,2,149,516.5111729
26,13,1,2,14,4.19,1,1,174,666.428680584734
88,7,1,3,11,3.64,4,2,130,573.208539365639
57,26,1,2,92,3.8,3,2,67,283.797925150749
45,17,1,1,67,4.7,2,1,15,66.7832371871239
82,26,3,3,35,4.71,1,1,114,289.239032463459
54,39,1,3,88,4.59,3,1,42,147.426386605935
95,24,2,3,79,3.5,2,1,130,552.230443104601
63,31,2,1,2,3.81,3,2,160,632.560141947676
43,18,3,3,58,4.22,3,1,156,494.745257484776
33,14,2,2,87,4.81,3,2,17,118.98653335805
33,23,3,3,24,4.21,1,2,11,91.3895259743512
84,29,3,2,92,4.55,1,2,94,424.155986701746
44,6,2,3,80,4.13,4,2,40,157.364830327893
53,27,2,2,78,3.63,4,2,58,279.095048252139
78,63,1,3,14,4.21,2,1,147,655.0651055
